<?xml version="1.0" encoding="UTF-8"?>

<!DOCTYPE hibernate-mapping PUBLIC 
    "-//Hibernate/Hibernate Mapping DTD 3.0//EN"
    "http://www.hibernate.org/dtd/hibernate-mapping-3.0.dtd">

<hibernate-mapping>
	<class name="com.model.Product">
		<id name="pid">
			<generator class="identity"></generator>
		</id>
		<property name="pname" type="java.lang.String"></property>
		<property name="pdescription" type="java.lang.String"></property>
		<property name="pprice" type="java.lang.Double"></property>
		
	</class>
</hibernate-mapping>